purpose,term,point,ci_lower,ci_upper
Employment,Network with city residents and targets,0.0153,-0.0510,0.0816
Education,Network with city residents and targets,0.0523,-0.0311,0.1357
Health,Network with city residents and targets,-0.0273,-0.1192,0.0646
Employment,Target set with city residents,0.0023,-0.1015,0.1061
Education,Target set with city residents,-0.0563,-0.1953,0.0828
Health,Target set with city residents,0.0009,-0.1086,0.1104
Employment,Adding regional residents,0.5021,0.1563,0.8479
Education,Adding regional residents,0.4327,0.0902,0.7753
Health,Adding regional residents,0.4913,0.1375,0.8452
Employment,Total regional minus district,0.5197,0.1351,0.9043
Education,Total regional minus district,0.4287,0.0500,0.8075
Health,Total regional minus district,0.4649,0.0504,0.8794
